county,level,school_name,lat,lon,address
Hanover,Elementary,Ashland Elementary School,37.7605,-77.4825,"201 Archie Cannon Drive, Ashland, VA 23005"
Hanover,Elementary,Battlefield Park Elementary School,37.6006,-77.3094,"5501 Mechanicsville Turnpike, Mechanicsville, VA 23111"
Hanover,Elementary,Beaverdam Elementary School,37.9333,-77.6548,"15485 Beaverdam School Rd, Beaverdam, VA 23015"
Hanover,Elementary,Cold Harbor Elementary School,37.5898,-77.2917,"6740 Cold Harbor Rd, Mechanicsville, VA 23111"
Hanover,Elementary,Cool Spring Elementary School,37.6698,-77.4082,"9964 Honey Meadows Rd, Mechanicsville, VA 23116"
Hanover,Elementary,Elmont Elementary School,37.7088,-77.4862,"12007 Cedar Ln, Ashland, VA 23005"
Hanover,Elementary,Kersey Creek Elementary School,37.6974,-77.3694,"10004 Learning Ln, Mechanicsville, VA 23116"
Hanover,Elementary,Laurel Meadow Elementary School,37.6074,-77.3323,"8248 Lee-Davis Rd, Mechanicsville, VA 23111"
Hanover,Elementary,Mechanicsville Elementary School,37.6083,-77.3592,"7425 Mechanicsville Turnpike, Mechanicsville, VA 23111"
Hanover,Elementary,Pearson's Corner Elementary School,37.6277,-77.3061,"8290 New Bethesda Rd, Mechanicsville, VA 23111"
Hanover,Elementary,Pole Green Elementary School,37.6631,-77.3197,"8993 Pole Green Park Ln, Mechanicsville, VA 23116"
Hanover,Elementary,Rural Point Elementary School,37.6713,-77.3599,"7161 Studley Rd, Mechanicsville, VA 23116"
Hanover,Elementary,South Anna Elementary School,37.8214,-77.6844,"13122 Walton's Tavern Road, Montpelier, VA 23192"
Hanover,Elementary,Washington-Henry Elementary School,37.6534,-77.3912,"9025 Washington Henry Dr, Mechanicsville, VA 23116"
Hanover,Middle,Bell Creek Middle School,37.6041,-77.3361,"8021 Lee-Davis Rd, Mechanicsville, VA 23111"
Hanover,Middle,Chickahominy Middle School,37.6644,-77.4143,"9450 Atlee Station Rd, Mechanicsville, VA 23116"
Hanover,Middle,Liberty Middle School,37.7698,-77.4988,"13496 Liberty School Rd, Ashland, VA 23005"
Hanover,Middle,Oak Knoll Middle School,37.6937,-77.4042,"10295 Chamberlayne Rd, Mechanicsville, VA 23116"
Hanover,High,The Georgetown School,37.6853,-77.3852,"10000 Learning Ln, Mechanicsville, VA 23116"
Hanover,High,Atlee High School,37.6624,-77.4161,"9414 Atlee Station Rd, Mechanicsville, VA 23116"
Hanover,High,Hanover High School,37.6953,-77.4023,"10307 Chamberlayne Rd, Mechanicsville, VA 23116"
Hanover,High,Mechanicsville High School,37.6062,-77.3486,"7052 Mechanicsville Turnpike, Mechanicsville, VA 23111"
Hanover,High,Patrick Henry High School,37.7661,-77.5029,"12449 W Patrick Henry Rd, Ashland, VA 23005"
Henrico,Elementary,Anthony P. Mehfoud Elementary School,37.4526,-77.3275,"8320 Buffin Rd, Richmond, VA 23231"
Henrico,Elementary,Arthur Ashe Jr. Elementary School,37.545,-77.375,"1001 Cedar Fork Road, Richmond, VA 23223"
Henrico,Elementary,Cashell Donahoe Elementary School,37.5147,-77.3114,"1801 Graves Rd, Sandston, VA 23150"
Henrico,Elementary,Chamberlayne Elementary School,37.6253,-77.4475,"8200 St Charles Rd, Richmond, VA 23227"
Henrico,Elementary,Charles M. Johnson Elementary School,37.5969,-77.5027,"5600 Bethlehem Rd, Henrico, VA 23230"
Henrico,Elementary,Colonial Trail Elementary School,37.696,-77.628,"12101 Bacova Drive, Glen Allen, VA 23059"
Henrico,Elementary,Crestview Elementary School,37.5912,-77.5301,"1901 Charles St, Henrico, VA 23226"
Henrico,Elementary,David A. Kaechele Elementary School,37.7011,-77.6158,"5680 Pouncey Tract Rd, Glen Allen, VA 23059"
Henrico,Elementary,Dumbarton Elementary School,37.6267,-77.5186,"9000 Hungary Spring Rd, Henrico, VA 23228"
Henrico,Elementary,Echo Lake Elementary School,37.6496,-77.5583,"5200 Francistown Rd, Glen Allen, VA 23060"
Henrico,Elementary,Elizabeth Holladay Elementary School,37.6041,-77.4952,"7300 Galaxie Rd, Henrico, VA 23228"
Henrico,Elementary,Fair Oaks Elementary School,37.549,-77.322,"201 Jennings Rd, Highland Springs, VA 23075"
Henrico,Elementary,Gayton Elementary School,37.6433,-77.6293,"12481 Church Rd, Henrico, VA 23233"
Henrico,Elementary,George F. Baker Elementary School,37.472,-77.335,"6651 Willson Rd, Richmond, VA 23231"
Henrico,Elementary,Glen Allen Elementary School,37.665,-77.542,"11101 Mill Rd, Glen Allen, VA 23060"
Henrico,Elementary,Glen Lea Elementary School,37.5925,-77.4116,"3909 Austin Ave, Richmond, VA 23222"
Henrico,Elementary,Greenwood Elementary School,37.6738,-77.4795,"10960 Greenwood Rd, Glen Allen, VA 23060"
Henrico,Elementary,Harold Macon Ratcliffe Elementary School,37.548,-77.383,"2901 Thalen St, Richmond, VA 23223"
Henrico,Elementary,Harvie Elementary School,37.5593,-77.3917,"3401 Harvie Rd, Henrico, VA 23223"
Henrico,Elementary,Henry D. Ward Elementary School,37.487,-77.354,"3400 Darbytown Road, Richmond, VA 23231"
Henrico,Elementary,Highland Springs Elementary School,37.5451,-77.3276,"600 Pleasant St, Highland Springs, VA 23075"
Henrico,Elementary,Jackson Davis Elementary School,37.599,-77.596,"8801 Nesslewood Dr, Richmond, VA 23229"
Henrico,Elementary,Jacob L. Adams Elementary School,37.5255,-77.3756,"600 S Laburnum Ave, Richmond, VA 23223"
Henrico,Elementary,Laburnum Elementary School,37.5752,-77.4191,"500 Meriwether Ave, Richmond, VA 23222"
Henrico,Elementary,Lakeside Elementary School,37.624,-77.479,"6700 Cedar Croft St, Richmond, VA 23228"
Henrico,Elementary,Longdale Elementary School,37.65,-77.549,"9500 Norfolk St, Glen Allen, VA 23060"
Henrico,Elementary,Maude Trevvett Elementary School,37.615,-77.485,"2300 Trevvett Dr, Richmond, VA 23228"
Henrico,Elementary,Maybeury Elementary School,37.596,-77.567,"901 Maybeury Dr, Richmond, VA 23229"
Henrico,Elementary,Montrose Elementary School,37.5146,-77.3976,"2820 Williamsburg Rd, Henrico, VA 23231"
Henrico,Elementary,Nuckols Farm Elementary School,37.6657,-77.6068,"12351 Graham Meadows Dr, Henrico, VA 23233"
Henrico,Elementary,Pemberton Elementary School,37.6064,-77.5786,"1400 Pemberton Rd, Henrico, VA 23238"
Henrico,Elementary,Pinchbeck Elementary School,37.6019,-77.5901,"1275 Gaskins Rd, Henrico, VA 23238"
Henrico,Elementary,R.C. Longan Elementary School,37.6337,-77.5342,"9200 Mapleview Ave, Henrico, VA 23294"
Henrico,Elementary,Ridge Elementary School,37.601,-77.591,"8910 Three Chopt Rd, Richmond, VA 23229"
Henrico,Elementary,Rivers Edge Elementary School,37.6853,-77.5888,"11600 Holman Ridge Rd, Glen Allen, VA 23059"
Henrico,Elementary,Ruby F. Carver Elementary School,37.6152,-77.6092,"1801 Lauderdale Dr, Henrico, VA 23238"
Henrico,Elementary,Sandston Elementary School,37.5229,-77.3197,"7 Naglee Ave, Sandston, VA 23150"
Henrico,Elementary,Seven Pines Elementary School,37.5347,-77.2944,"301 Beulah Rd, Sandston, VA 23150"
Henrico,Elementary,Shady Grove Elementary School,37.7126,-77.6053,"12200 Wyndham Lake Dr, Glen Allen, VA 23059"
Henrico,Elementary,Short Pump Elementary School,37.6581,-77.6192,"3425 Pump Rd, Henrico, VA 23233"
Henrico,Elementary,Skipwith Elementary School,37.6253,-77.5432,"2401 Skipwith Rd, Henrico, VA 23294"
Henrico,Elementary,Springfield Park Elementary School,37.65,-77.575,"4301 Fort McHenry Pkwy, Glen Allen, VA 23060"
Henrico,Elementary,Three Chopt Elementary School,37.6083,-77.5381,"1600 Skipwith Rd, Henrico, VA 23229"
Henrico,Elementary,Tuckahoe Elementary School,37.5759,-77.5344,"701 Forest Ave, Henrico, VA 23229"
Henrico,Elementary,Twin Hickory Elementary School,37.6766,-77.5968,"4900 Twin Hickory Lake Dr, Glen Allen, VA 23059"
Henrico,Elementary,Varina Elementary School,37.4339,-77.3486,"2551 New Market Rd, Henrico, VA 23231"
Henrico,Middle,Brookland Middle School,37.6308,-77.4988,"9200 Lydell Dr, Henrico, VA 23228"
Henrico,Middle,Elko Middle School,37.4947,-77.2436,"5901 Elko Rd, Sandston, VA 23150"
Henrico,Middle,Fairfield Middle School,37.548,-77.397,"5121 Nine Mile Rd, Richmond, VA 23223"
Henrico,Middle,George H. Moody Middle School,37.6206,-77.4889,"7800 Woodman Rd, Henrico, VA 23228"
Henrico,Middle,Holman Middle School,37.6836,-77.5747,"600 Concourse Blvd, Glen Allen, VA 23059"
Henrico,Middle,Hungary Creek Middle School,37.6433,-77.5558,"4909 Francistown Rd, Glen Allen, VA 23060"
Henrico,Middle,John Rolfe Middle School,37.4878,-77.3494,"6901 Messer Rd, Henrico, VA 23231"
Henrico,Middle,L. Douglas Wilder Middle School,37.6167,-77.4361,"6900 Wilkinson Rd, Henrico, VA 23227"
Henrico,Middle,Pocahontas Middle School,37.6547,-77.5997,"12000 Three Chopt Rd, Henrico, VA 23233"
Henrico,Middle,Quioccasin Middle School,37.6047,-77.5683,"9400 Quioccasin Rd, Henrico, VA 23238"
Henrico,Middle,Short Pump Middle School,37.6781,-77.6158,"4701 Pouncey Tract Rd, Glen Allen, VA 23059"
Henrico,Middle,Tuckahoe Middle School,37.5989,-77.5544,"9000 Three Chopt Rd, Henrico, VA 23229"
Henrico,High,Deep Run High School,37.6749,-77.5936,"4801 Twin Hickory Rd, Glen Allen, VA 23059"
Henrico,High,Douglas S. Freeman High School,37.5975,-77.5486,"8701 Three Chopt Rd, Henrico, VA 23229"
Henrico,High,Glen Allen High School,37.6662,-77.5352,"10700 Staples Mill Rd, Glen Allen, VA 23060"
Henrico,High,Henrico High School,37.6006,-77.4267,"302 Azalea Ave, Henrico, VA 23227"
Henrico,High,Hermitage High School,37.6197,-77.5147,"8301 Hungary Spring Rd, Henrico, VA 23228"
Henrico,High,Highland Springs High School,37.5408,-77.3242,"200 S Airport Dr, Highland Springs, VA 23075"
Henrico,High,John Randolph Tucker High School,37.622,-77.54,"2910 N Parham Rd, Richmond, VA 23294"
Henrico,High,Mills E. Godwin High School,37.6186,-77.5878,"2101 Pump Rd, Henrico, VA 23238"
Henrico,High,Varina High School,37.4844,-77.3489,"7053 Messer Rd, Henrico, VA 23231"
Henrico,High,The Academy at Virginia Randolph,37.6681,-77.4883,"2206 Mountain Rd, Glen Allen, VA 23060"
Chesterfield,Elementary,Crestwood Elementary School,37.5197,-77.5583,"7600 Whittington Dr, Richmond, VA 23235"
Chesterfield,Elementary,C.E. Curtis Elementary School,37.3564,-77.4647,"3600 W Hundred Rd, Chester, VA 23831"
Chesterfield,Elementary,Clover Hill Elementary School,37.42,-77.68,"5700 Woodlake Village Pkwy, Midlothian, VA 23112"
Chesterfield,Elementary,Crenshaw Elementary School,37.4258,-77.6508,"11901 Bailey Bridge Rd, Midlothian, VA 23112"
Chesterfield,Elementary,Elizabeth Scott Elementary School,37.33,-77.44,"813 Beginners Trail Loop, Chester, VA 23836"
Chesterfield,Elementary,Marguerite Christian Elementary School,37.2881,-77.3789,"14801 Woods Edge Rd, Colonial Heights, VA 23834"
Chesterfield,High,Lloyd C. Bird High School,37.3986,-77.5175,"10301 Courthouse Rd, Chesterfield, VA 23832"
Chesterfield,High,Clover Hill High School,37.4431,-77.6689,"13301 Kelly Green Ln, Midlothian, VA 23112"
Chesterfield,High,Cosby High School,37.4097,-77.6894,"14300 Fox Club Pkwy, Midlothian, VA 23112"
Chesterfield,High,Midlothian High School,37.4989,-77.6447,"401 Charter Colony Pkwy, Midlothian, VA 23114"
Chesterfield,High,James River High School,37.5342,-77.6258,"3700 James River Rd, Midlothian, VA 23113"
Chesterfield,Middle,Bailey Bridge Middle School,37.4222,-77.6653,"12501 Bailey Bridge Rd, Midlothian, VA 23112"
Chesterfield,Middle,Carver Middle School,37.3517,-77.4267,"3800 Cougar Tr, Chester, VA 23831"
Chesterfield,Middle,Elizabeth Davis Middle School,37.331,-77.441,"601 Corvus Court, Chester, VA 23836"
Chesterfield,Middle,Deep Creek Middle School,37.45,-77.75,"17151 Westerleigh Parkway, Moseley, VA 23120"
Chesterfield,Middle,Falling Creek Middle School,37.4,-77.545,"4780 Hopkins Rd, North Chesterfield, VA 23234"
Chesterfield,Middle,Manchester Middle School,37.4781,-77.5492,"7401 Hull Street Rd, Richmond, VA 23235"
Chesterfield,Middle,Matoaca Middle School,37.2661,-77.4764,"6001 Hickory Rd, South Chesterfield, VA 23803"
Chesterfield,Middle,Midlothian Middle School,37.5056,-77.6492,"13501 Midlothian Turnpike, Midlothian, VA 23113"
Chesterfield,Middle,Providence Middle School,37.5097,-77.5372,"900 Starlight Ln, Richmond, VA 23235"
Chesterfield,Middle,Robious Middle School,37.5256,-77.6186,"2701 Robious Crossing Dr, Midlothian, VA 23113"
Chesterfield,Middle,Salem Church Middle School,37.4111,-77.4817,"9700 Salem Church Rd, Richmond, VA 23237"
Chesterfield,Middle,Swift Creek Middle School,37.4589,-77.6433,"3700 Old Hundred Rd S, Midlothian, VA 23112"
Chesterfield,Middle,Tomahawk Creek Middle School,37.4686,-77.6975,"1600 Learning Pl, Midlothian, VA 23114"
Goochland,Elementary,Byrd Elementary School,37.7656,-77.9469,"2704 Hadensville Fife Rd, Goochland, VA 23063"
Goochland,Elementary,Goochland Elementary School,37.68,-77.885,"2000 Bulldog Way, Goochland, VA 23063"
Goochland,Elementary,Randolph Elementary School,37.6664,-77.7814,"1552 Sheppard Town Rd, Crozier, VA 23039"
Goochland,Middle,Goochland Middle School,37.6953,-77.9103,"3250 River Rd W, Goochland, VA 23063"
Goochland,High,Goochland High School,37.6961,-77.9125,"3250 River Rd W, Goochland, VA 23063"
Powhatan,Elementary,Flat Rock Elementary School,37.5089,-77.8083,"2210 Batterson Rd, Powhatan, VA 23139"
Powhatan,Elementary,Pocahontas Elementary School,37.5383,-77.9042,"4294 Anderson Hwy, Powhatan, VA 23139"
Powhatan,Elementary,Powhatan Elementary School,37.5342,-77.9189,"4111 Old Buckingham Rd, Powhatan, VA 23139"
Powhatan,Middle,Powhatan Middle School,37.5322,-77.9231,"4135 Old Buckingham Rd, Powhatan, VA 23139"
Powhatan,High,Powhatan High School,37.5272,-77.8594,"1800 Judes Ferry Rd, Powhatan, VA 23139"
Caroline,Elementary,Bowling Green Elementary School,38.005,-77.325,"17502 New Baltimore Road, Milford, VA 22514"
Caroline,Elementary,Lewis and Clark Elementary School,37.945,-77.47,"18101 Clark And York Blvd, Ruther Glen, VA 22546"
Caroline,Elementary,Madison Elementary School,37.965,-77.48,"9075 Chance Place, Ruther Glen, VA 22546"
Caroline,Middle,Caroline Middle School,38.0211,-77.3883,"13325 Devils Three Jump Rd, Milford, VA 22514"
Caroline,High,Caroline High School,38.0169,-77.3917,"19155 Rogers Clark Blvd, Milford, VA 22514"
New Kent,Elementary,George W. Watkins Elementary School,37.5293,-77.0983,"6501 New Kent Hwy, Quinton, VA 23141"
New Kent,Elementary,New Kent Elementary School,37.5186,-76.9947,"11705 New Kent Hwy, New Kent, VA 23124"
New Kent,Elementary,Quinton Elementary School,37.533,-77.115,"8325 S. Quaker Rd, Quinton, VA 23141"
New Kent,Middle,New Kent Middle School,37.5258,-76.9983,"7501 Egypt Rd, New Kent, VA 23124"
New Kent,High,New Kent High School,37.5283,-76.9989,"7365 Egypt Rd, New Kent, VA 23124"
New Kent,Other,Bridging Communities STEM Academy,37.505,-76.99,"7930 New Chipping Lane, New Kent, VA 23124"
Regional,High,CodeRVA Regional High School,37.5683,-77.4475,"1405 Cummings Dr, Richmond, VA 23220"
Regional,High,Maggie L. Walker Governor's School,37.5579,-77.4538,"1000 N Lombardy St, Richmond, VA 23220"
Private,PK-12,Collegiate School,37.5753,-77.5897,"103 N Mooreland Rd, Richmond, VA 23229"
Private,JK-12,St. Christopher's School,37.5744,-77.5156,"711 St Christophers Rd, Richmond, VA 23226"
Private,Age 3-12,St. Catherine's School,37.5703,-77.5097,"6001 Grove Ave, Richmond, VA 23226"
Private,JK-12,The Steward School,37.6186,-77.6192,"11600 Gayton Rd, Henrico, VA 23238"
Private,12-Aug,Trinity Episcopal School,37.5219,-77.5308,"3850 Pittaway Dr, Richmond, VA 23235"
Private,12-Sep,Saint Gertrude High School,37.5792,-77.6569,"12829 River Rd, Richmond, VA 23238"
Private,12-Sep,Benedictine College Preparatory,37.5792,-77.6569,"12829 River Rd, Richmond, VA 23238"
Private,JK-12,Veritas School,37.5794,-77.4472,"3400 Brook Rd, Richmond, VA 23227"
Private,K-12,The New Community School,37.5861,-77.4597,"4211 Hermitage Rd, Richmond, VA 23227"
Private,PK-12,Millwood School,37.4094,-77.6694,"15100 Millwood School Ln, Midlothian, VA 23112"
Private,PK-12,Blessed Sacrament Huguenot School,37.5458,-77.8286,"2501 Academy Rd, Powhatan, VA 23139"
Private,PK-8,St. Michael's Episcopal School,37.535,-77.565,"10510 Hobby Hill Road, Richmond, VA 23235"
Private,PK-8,Sabot at Stony Point,37.5469,-77.5456,"3400 Stony Point Rd, Richmond, VA 23235"
Private,8-May,Orchard House School,37.5564,-77.4608,"500 N Allen Ave, Richmond, VA 23220"
Private,PK-8,St. Edward-Epiphany Catholic School,37.53,-77.56,"10701 West Huguenot Road, Richmond, VA 23235"
Private,PK-8,St. Bridget Catholic School,37.5739,-77.5028,"6011 York Rd, Richmond, VA 23226"
Private,PK-8,St. Mary's Catholic School,37.6047,-77.5794,"9501 Gayton Rd, Henrico, VA 23229"
Private,PK-8,Our Lady of Lourdes Catholic School,37.6256,-77.4886,"8250 Woodman Rd, Henrico, VA 23228"
